AbsCIBERSORT	CIBERSORT	DCQ	DeconRNASeq	dtangle	EPIC	GEDIT	MCP.counter	nnls	quanTIseq	SaVanT	xCell
PBMC	0.0692050358239245	0.0692050358239149	0.124191196430984	0.107798997175802	0.0859816469894261	0.113571364428779	0.0525886885529135	0.14959192740196	0.0963046294662789	0.0942303484136713	0.139805845827298	0.136148044818331
Stromal	0.062894146976375	0.062885127519627	0.0927690510182475	0.0937042239019254	0.0677692258535656	0.0847678369994157	0.0459600482368545	0.0819232068111514	0.0814500602949624	0.11457669308463	0.0845223210516396	0.0506483397734045
Cell Mixtures	0.0805106718991166	0.0815518713872044	0.135477458224325	0.133759103261291	0.157938721963602	0.165142045484722	0.0906619146941393	0.178550786752131	0.155371960912072	0.112430797684288	0.162731236811439	0.117232199685877
Framingham	0.127894650158075	0.127894650158046	0.319324411654013	0.0857288355956435	0.345826897892778	0.139005918380341	0.0790612659504595	0.177509923657308	0.193243387010489	0.129027634574916	0.281958787392421	0.250019679568146
