AbsCIBERSORT	CIBERSORT	DCQ	DeconRNASeq	dtangle	EPIC	GEDIT	MCP.counter	nnls	quanTIseq	SaVanT	xCell
PBMC	0.743318140569171	0.765598926377389	0.53750635138524	0.62615410663626	0.850925669658156	0.430247358151032	0.931010549664575	0.273999939028178	0.671877866613423	0.624201744316441	0.549118130967801	0.446295717266286
Stromal	0.851683604715827	0.851695068131866	0.498515185408765	0.634643480446275	0.818059917724331	0.630484323341788	0.907328354196681	0.680190740992698	0.550281163091157	0.21079591862103	0.573892608054716	0.911936099960179
Cell Mixtures	0.864360543648988	0.919017495384642	0.638899169865461	0.82683143594047	0.561906605804486	0.41408142667311	0.955345709438159	-0.0435047715495839	0.613676625740955	0.820048365274565	0.555012824380285	0.775612765032673
Framingham	0.775848813597768	0.775915437731375	0.0491116418134913	0.949747324408987	-0.121164652935369	0.965148163918305	0.927873279092016	0.0599295779940127	0.796249522541321	0.941773745789167	-0.0966419870861795	0.067375978846079
