RefMat	AbsCIBERSORT	CIBERSORT	DCQ	DeconRNASeq	dtangle	EPIC	GEDIT	MCP-Counter	quanTIseq	Savant	xCell
PBMC	0.096411646	0.096411646	0.070697885	0.13039805	0.06656958	0.137893554	0.069810356	0.132021152	0.093167253	0.084556834	0.145235777
Stromal	0.08712854	0.062894147	0.092769051	0.093704224	0.067769226	0.093987432	0.045960048	0.081923207	0.114576693	0.133738766	0.05064834
CellMix	0.081551871	0.081551871	0.135477458	0.133759103	0.157938722	0.166433508	0.090661915	0.178550787	0.112430798	0.189538262	0.1172322
Framingham	0.136125009	0.12789465	0.315917313	0.085728836	0.213868335	0.230131571	0.079061266	0.177509924	0.129027635	0.281958787	0.25001968
Average	0.100304267	0.092188079	0.153715427	0.110897553	0.126536466	0.157111516	0.071373396	0.142501268	0.112300595	0.172448162	0.140783999
